{"65":0.802734375,"66":0.9072265625,"67":0.6650390625,"68":0.7734375,"69":0.5615234375,"70":0.89453125,"71":0.609375,"72":0.96875,"73":0.80859375,"74":1.0517578125,"75":0.9130859375,"76":0.873046875,"77":1.0791015625,"78":0.9013671875,"79":0.7373046875,"80":1.0126953125,"81":0.8828125,"82":0.849609375,"83":0.8671875,"84":0.74609375,"85":0.7998046875,"86":0.62109375,"87":0.8046875,"88":0.943359375,"89":0.7099609375,"90":0.8203125,"8256":0.27734375,"65535":0.33203125}